legacy_id,sample_quantity,source,reason
bitrix24:114:6754,15,verified_nxm,"3 positions × 5 each"
bitrix24:114:6788,3,verified_nxm,"1 positions × 3 each"
bitrix24:114:6884,9,verified_nxm,"3 positions × 3 each"
bitrix24:114:6888,3,verified_nxm,"1 positions × 3 each"
bitrix24:114:6926,12,verified_nxm,"4 positions × 3 each"
bitrix24:114:6928,3,verified_nxm,"1 positions × 3 each"
bitrix24:114:7018,30,verified_nxm,"10 positions × 3 each"
bitrix24:114:7026,2,verified_nxm,"2 positions × 1 each"
bitrix24:114:7040,3,verified_nxm,"1 positions × 3 each"
bitrix24:114:7042,3,verified_nxm,"1 positions × 3 each"
bitrix24:114:7172,18,verified_nxm,"6 positions × 3 each"
bitrix24:114:7174,6,verified_nxm,"2 positions × 3 each"
bitrix24:114:7180,3,verified_nxm,"1 positions × 3 each"
bitrix24:114:7196,9,verified_nxm,"3 positions × 3 each"
bitrix24:114:7210,3,verified_nxm,"1 positions × 3 each"
bitrix24:114:7214,6,verified_nxm,"2 positions × 3 each"
bitrix24:114:7216,3,verified_nxm,"1 positions × 3 each"
bitrix24:114:7220,6,verified_nxm,"2 positions × 3 each"
bitrix24:114:7238,6,verified_nxm,"2 positions × 3 each"
bitrix24:114:7240,3,verified_nxm,"1 positions × 3 each"
bitrix24:114:7298,12,verified_nxm,"4 positions × 3 each"
bitrix24:114:7420,15,verified_nxm,"5 positions × 3 each"
bitrix24:114:7448,6,verified_nxm,"2 positions × 3 each"
bitrix24:114:7520,24,verified_nxm,"8 positions × 3 each"
bitrix24:114:7532,3,verified_nxm,"1 positions × 3 each"
bitrix24:114:7570,12,verified_nxm,"4 positions × 3 each"
bitrix24:114:7572,3,verified_nxm,"1 positions × 3 each"
bitrix24:114:7612,8,verified_nxm,"8 positions × 1 each"
bitrix24:114:7614,12,verified_nxm,"4 positions × 3 each"
bitrix24:114:7628,2,verified_nxm,"2 positions × 1 each"
bitrix24:114:7668,15,verified_nxm,"5 positions × 3 each"
bitrix24:114:7736,6,verified_nxm,"2 positions × 3 each"
bitrix24:114:7738,6,verified_nxm,"2 positions × 3 each"
bitrix24:114:7740,6,verified_nxm,"2 positions × 3 each"
bitrix24:114:7742,3,verified_nxm,"1 positions × 3 each"
bitrix24:114:7758,6,verified_nxm,"2 positions × 3 each"
bitrix24:114:7778,18,verified_nxm,"6 positions × 3 each"
bitrix24:114:7828,21,verified_nxm,"7 positions × 3 each"
bitrix24:114:7882,15,verified_nxm,"5 positions × 3 each"
bitrix24:114:7908,24,verified_nxm,"8 positions × 3 each"
bitrix24:114:8004,3,verified_nxm,"1 positions × 3 each"
bitrix24:114:8020,3,verified_nxm,"1 positions × 3 each"
bitrix24:114:8046,6,verified_nxm,"2 positions × 3 each"
bitrix24:114:8052,3,verified_nxm,"1 positions × 3 each"
bitrix24:114:8082,3,verified_nxm,"1 positions × 3 each"
bitrix24:114:8086,6,verified_nxm,"2 positions × 3 each"
bitrix24:114:8088,3,verified_nxm,"1 positions × 3 each"
bitrix24:114:8112,6,verified_nxm,"2 positions × 3 each"
bitrix24:114:8148,9,verified_nxm,"3 positions × 3 each"
bitrix24:114:8212,3,verified_nxm,"1 positions × 3 each"
bitrix24:114:8218,3,verified_nxm,"1 positions × 3 each"
bitrix24:114:8276,3,verified_nxm,"1 positions × 3 each"
bitrix24:114:8498,2,verified_nxm,"2 positions × 1 each"
bitrix24:114:8502,4,verified_nxm,"2 positions × 2 each"
bitrix24:114:8504,2,verified_nxm,"1 positions × 2 each"
bitrix24:114:8514,2,verified_nxm,"2 positions × 1 each"
bitrix24:114:8672,4,verified_nxm,"4 positions × 1 each"
bitrix24:114:8674,6,verified_nxm,"2 positions × 3 each"
bitrix24:114:8796,3,verified_nxm,"1 positions × 3 each"
bitrix24:114:8806,5,verified_nxm,"1 positions × 5 each"
bitrix24:114:8896,9,verified_nxm,"3 positions × 3 each"
bitrix24:114:8904,10,verified_nxm,"1 positions × 10 each"
bitrix24:114:9046,12,verified_nxm,"4 positions × 3 each"
bitrix24:114:9202,3,verified_nxm,"1 positions × 3 each"
bitrix24:114:9344,3,verified_nxm,"3 positions × 1 each"
bitrix24:114:9380,6,verified_nxm,"2 positions × 3 each"
bitrix24:114:9382,3,verified_nxm,"1 positions × 3 each"
bitrix24:114:9432,3,verified_nxm,"1 positions × 3 each"
bitrix24:114:9534,1,verified_nxm,"1 positions × 1 each"
bitrix24:114:12306,2,verified_nxm,"2 positions × 1 each"
bitrix24:114:12360,4,verified_nxm,"4 positions × 1 each"
bitrix24:114:12480,5,verified_nxm,"5 positions × 1 each"
bitrix24:114:12840,4,verified_nxm,"4 positions × 1 each"
bitrix24:114:12846,4,verified_nxm,"4 positions × 1 each"
bitrix24:114:13192,4,verified_nxm,"4 positions × 1 each"
bitrix24:114:13206,6,verified_nxm,"6 positions × 1 each"
bitrix24:114:13548,2,verified_nxm,"2 positions × 1 each"
bitrix24:114:14090,24,verified_nxm,"8 positions × 3 each"
bitrix24:114:14386,3,verified_nxm,"3 positions × 1 each"
bitrix24:114:14430,30,verified_nxm,"10 positions × 3 each"
bitrix24:114:14702,2,verified_nxm,"2 positions × 1 each"
bitrix24:114:14818,5,verified_nxm,"5 positions × 1 each"
bitrix24:114:14828,4,verified_nxm,"4 positions × 1 each"
bitrix24:114:15006,7,verified_nxm,"7 positions × 1 each"
bitrix24:114:15026,3,verified_nxm,"3 positions × 1 each"
bitrix24:114:15206,20,verified_nxm,"20 positions × 1 each"
bitrix24:114:15230,6,verified_nxm,"2 positions × 3 each"
bitrix24:114:15466,4,verified_nxm,"4 positions × 1 each"
bitrix24:114:15468,6,verified_nxm,"2 positions × 3 each"
bitrix24:114:15486,3,verified_nxm,"3 positions × 1 each"
bitrix24:114:15518,15,verified_nxm,"5 positions × 3 each"
bitrix24:114:15552,6,verified_nxm,"2 positions × 3 each"
bitrix24:114:15746,45,verified_nxm,"9 positions × 5 each"
bitrix24:114:16202,24,verified_nxm,"8 positions × 3 each"
bitrix24:114:16414,21,verified_nxm,"7 positions × 3 each"
bitrix24:114:16416,6,verified_nxm,"2 positions × 3 each"
bitrix24:114:16428,3,verified_nxm,"1 positions × 3 each"
bitrix24:114:16462,21,verified_nxm,"7 positions × 3 each"
bitrix24:114:16476,5,verified_nxm,"5 positions × 1 each"
bitrix24:114:16616,6,verified_nxm,"6 positions × 1 each"
bitrix24:114:16718,10,verified_nxm,"2 positions × 5 each"
bitrix24:114:16832,21,verified_nxm,"7 positions × 3 each"
bitrix24:114:16914,3,verified_nxm,"1 positions × 3 each"
bitrix24:114:17028,4,verified_nxm,"4 positions × 1 each"
bitrix24:114:17208,21,verified_nxm,"7 positions × 3 each"
bitrix24:114:17446,3,verified_nxm,"1 positions × 3 each"
bitrix24:114:17546,6,verified_nxm,"2 positions × 3 each"
bitrix24:114:17778,45,verified_nxm,"9 positions × 5 each"
bitrix24:114:17812,4,verified_nxm,"4 positions × 1 each"
bitrix24:114:18442,2,verified_nxm,"2 positions × 1 each"
bitrix24:114:19058,6,verified_nxm,"6 positions × 1 each"
bitrix24:114:19726,6,verified_nxm,"6 positions × 1 each"
